"","taxa_mod2","disstrend","se","offset"
"1","All",0.0167734206632436,0.00625978193390376,1
"2","Amphibians",0.00344343637287919,0.00618434267203653,0.75
"3","Benthos",0.0376548978329813,0.0143720795126881,0.5
"4","Birds",0.0174961907442938,0.0047158806228629,0.25
"5","Fish",0.031118160622306,0.00708748330726091,0
"6","Invertebrates",0.0224087379438458,0.00445299014166607,-0.25
"7","Mammals",0.0112517868959314,0.0104517902574873,-0.5
"8","Plant",0.006265107744012,0.00230542815776233,-0.75
"9","Reptiles",0.0114407649024523,1.21934738807504e-05,-1
