"","REALM","disstrend","se","offset"
"1","Marine",0.0332644447453127,0.00427080781712934,-1
"2","Terrestrial",0.00653356983272078,0.00198990094789849,0
"3","Freshwater",0.0145749958629299,0.0059607474882619,1
