"center","scale","var","log","plus"
"12.3272671995011","6.20989153150521","tempave.sc",FALSE,0
"-1.9017880389901","1.01427316450993","microclim.sc",TRUE,0
"0.0219940300880294","0.0492454513355706","tempchange.sc",FALSE,0
"0.0334859355531557","0.0422793495177778","tempchange_abs.sc",FALSE,0
"3.4707618954128","0.87733540412966","nspp.sc",TRUE,0
"1.12894928546302","3.52116407400582","thermal_bias.sc",FALSE,0
"10.5059743940673","10.9795748635014","duration.sc",FALSE,0
"1.8852626965387","1.01162223331236","durationlog.sc",TRUE,0
"1.18654434236344","0.654106132971862","human_bowler.sc",TRUE,1
