"center","scale","var"
"12.3272671995011","6.20989153150521","tempave.sc"
"-1.9017880389901","1.01427316450993","microclim.sc"
"0.0219940300880294","0.0492454513355706","tempchange.sc"
"0.0334859355531557","0.0422793495177778","tempchange_abs.sc"
"3.4707618954128","0.87733540412966","nspp.sc"
"1.12894928546302","3.52116407400582","thermal_bias.sc"
"10.5059743940673","10.9795748635014","duration.sc"
"1.8852626965387","1.01162223331236","durationlog.sc"
"1.18654434236344","0.654106132971862","human_bowler.sc"
