"","df","AIC","dAIC","dAICnull"
"modInitHorn",14,-454961.84764382,1406.5025117941,0
"modRealmHorn",16,-454960.415487135,1407.93466847972,1.43215668562334
"modTaxamod2Horn",22,-454965.546684911,1402.80347070319,-3.69904109090567
"modTchangeHorn",29,-455093.582035465,1274.76812014938,-131.734391644713
"modTchangeTaveHorn",47,-456368.350155614,0,-1406.5025117941
