"","df","AIC","dAIC","dAICnull"
"modAllJtu",11,-7187120.67565817,497.303883288056,0
"modRealmAllJtu",13,-7187117.63832499,500.341216460802,3.037333172746
"modTaxamod2AllJtu",19,-7187111.18537016,506.794171294197,9.49028800614178
"modsdTtsignAllJtu",13,-7187120.57008826,497.409453189,0.105569900944829
"modsdTRealmtsignAllJtu",17,-7187147.8098136,470.169727855362,-27.1341554326937
"modabsLatsdTabsLatRealmtsignAllJtu",31,-7187565.29768308,52.6818583691493,-444.622024918906
"modrawTsdTTRealmtsignAllJtu",31,-7187617.97954145,0,-497.303883288056
