"","df","AIC","dAICtemp","dAICnull"
"modInitAllJtu",12,-7062877.868788,274.020294960588,0
"modrawTsdTTRealmtsigninitAllJtu",30,-7063151.88908296,0,-274.020294960588
"modrawTsdTTRealmtsignmicroclimInitAllJtu",36,-7063154.75542721,-2.86634425073862,-276.886639211327
"modrawTsdTTRealmtsignhumanInitAllJtu",36,-7063151.98786897,-0.0987860159948468,-274.119080976583
