"","df","AIC","dAICtemp","dAICnull"
"modInit",14,692182.761324514,1205.82404379186,0
"modTchange",35,690976.937280722,0,-1205.82404379186
"modmicroclim",41,690955.093099906,-21.8441808163188,-1227.66822460818
"modhuman",41,690965.441028692,-11.4962520296685,-1217.32029582153
