"","df","AIC","dAICtemp","dAICnull"
"modInit",16,703138.359970088,1189.70263340266,0
"modTchange",47,701948.657336686,0,-1189.70263340266
"modmicroclim",56,701925.811841117,-22.845495569054,-1212.54812897171
"modhuman",56,701956.021658061,7.36432137549855,-1182.33831202716
