"","df","AIC","dAIC","dAICnull"
"modInitHorn",16,-454994.27746133,1374.07269428403,0
"modRealmHorn",18,-454996.708351562,1371.6418040524,-2.43089023162611
"modTaxamod2Horn",30,-454981.655184865,1386.69497074944,12.6222764654085
"modTchangeHorn",23,-455056.787969873,1311.56218574126,-62.510508542764
"modTchangeYearHorn",29,-455093.582035465,1274.76812014938,-99.3045741346432
"modTchangeTaveHorn",41,-456364.078020408,4.27213520614896,-1369.80055907788
"modTchangeTaveYearHorn",47,-456368.350155614,0,-1374.07269428403
