"","df","AIC","dAIC","dAICnull"
"modAllJtu",11,-7181509.48876437,532.426781026646,0
"modrawTsdTTRealmtsignmicroclimAllJtu",37,-7182033.34174695,8.57379844598472,-523.852982580662
"modrawTsdTTRealmtsignhumanAllJtu",37,-7182010.28717275,31.6283726487309,-500.798408377916
"modrawTsdTTRealmtsignseasAllJtu",37,-7182041.9155454,0,-532.426781026646
"modrawTsdTTRealmtsignnppAllJtu",37,-7182021.76839062,20.1471547726542,-512.279626253992
