"","df","AIC","dAIC","dAICnull"
"modAllHorn",11,-4640360.14859647,716.5615906436,0
"modRealmAllHorn",13,-4640356.61460165,720.095585459843,3.53399481624365
"modTaxamod2AllHorn",19,-4640358.63469527,718.075491846539,1.51390120293945
"modsdTRealmtsignAllHorn",17,-4640417.80758078,658.902606330812,-57.6589843127877
"modrawTsdTTRealmtsignAllHorn",31,-4641076.71018711,0,-716.5615906436
