"","df","AIC","dAIC","dAICnull"
"modAllJtu",11,-7063179.7077758,498.620330017991,0
"modRealmAllJtu",13,-7063176.47329657,501.854809250683,3.23447923269123
"modTaxamod2AllJtu",19,-7063170.17616801,508.151937810704,9.53160779271275
"modsdTtsignAllJtu",13,-7063180.07650838,498.251597440802,-0.368732577189803
"modsdTRealmtsignAllJtu",17,-7063210.23704012,468.091065698303,-30.5292643196881
"modabsLatsdTabsLatRealmtsignAllJtu",31,-7063613.33172954,64.9963762778789,-433.623953740112
"modrawTsdTTRealmtsignAllJtu",31,-7063678.32810582,0,-498.620330017991
