"","df","AIC","dAIC","dAICnull"
"modInit",14,703164.991799753,1216.33446306747,0
"modRealm",18,703142.277567619,1193.62023093388,-22.714232133585
"modTaxamod2",30,703162.301345718,1213.6440090324,-2.69045403506607
"modTchange",29,703055.952756031,1107.29541934538,-109.039043722092
"modLat",47,702049.953531956,101.296195270261,-1115.03826779721
"modTchangeTave",47,701948.657336686,0,-1216.33446306747
