"","df","AIC","dAICTsdTT","dAICnull"
"modAllJtu",11,-7063179.7077758,498.620330017991,0
"modrawTsdTTRealmtsignAllJtu",31,-7063678.32810582,0,-498.620330017991
"modrawTsdTTRealmtsignmicroclimAllJtu",37,-7063707.6416356,-29.3135297810659,-527.933859799057
"modrawTsdTTRealmtsignhumanAllJtu",37,-7063682.0511124,-3.7230065818876,-502.343336599879
