"","df","AIC","dAIC","dAICnull"
"modInitAllHorn",12,-4586224.91773061,664.583525393158,0
"modRealmInitAllHorn",14,-4586229.28224399,660.219012012705,-4.36451338045299
"modTaxamod2InitAllHorn",20,-4586234.87872425,654.62253174372,-9.96099364943802
"modsdTRealmtsigninitAllHorn",18,-4586288.13143128,601.369824717753,-63.2137006754056
"modrawTsdTTRealmtsigninitAllHorn",30,-4586889.501256,0,-664.583525393158
