"","df","AIC","dAIC","dAICnull"
"modInitGL",14,847242.311972436,12618.586150118,0
"modRealmGL",16,847244.481719329,12620.7558970117,2.1697468936909
"modTaxaGL",28,847268.650838109,12644.9250157914,26.3388656734023
"modTchangeGL",27,846701.111414112,12077.3855917946,-541.200558323413
"modTchangeTaveGL",45,834623.725822318,0,-12618.586150118
