"","df","AIC","dAIC","dAICnull"
"modAllHorn",11,-4589188.72313474,628.784074468538,0
"modRealmAllHorn",13,-4589190.77636318,626.730846030638,-2.05322843790054
"modTaxamod2AllHorn",19,-4589187.72639635,629.78081285581,0.996738387271762
"modsdTtsignAllHorn",13,-4589210.15809632,607.349112892523,-21.4349615760148
"modsdTRealmtsignAllHorn",17,-4589220.47433771,597.032871498726,-31.7512029698119
"modrawTsdTTRealmtsignAllHorn",31,-4589817.50720921,0,-628.784074468538
