"","df","AIC","dAICtemp","dAICnull"
"modInit",14,703164.991799753,1216.33446306747,0
"modTchange",47,701948.657336686,0,-1216.33446306747
"modmicroclim",56,701925.811841117,-22.845495569054,-1239.17995863652
"modhuman",56,701956.021658061,7.36432137549855,-1208.97014169197
