"","df","AIC","dAIC"
"modAllJtu",11,-7181509.48876437,238.076348811388
"modRealmAllJtu",13,-7181506.30086317,241.264250010252
"moddTRealmAllJtu",16,-7181552.19367889,195.371434287168
"modTdTTRealmAllJtu",22,-7181689.93523276,57.6298804227263
"modTsdTTRealmAllJtu",22,-7181747.56511318,0
