"","df","AIC","dAIC","dAICnull"
"modInitAllJtu",12,-7062877.868788,274.020294960588,0
"modRealmInitAllJtu",14,-7062875.08619715,276.802885804325,2.78259084373713
"modTaxamod2InitAllJtu",20,-7062871.17036068,280.71872228384,6.69842732325196
"modsdTRealmtsigninitAllJtu",18,-7062896.8809503,255.008132660761,-19.0121622998267
"modabsLatsdTabsLatRealmtsignInitAllJtu",30,-7063133.34237875,18.5467042066157,-255.473590753973
"modrawTsdTTRealmtsigninitAllJtu",30,-7063151.88908296,0,-274.020294960588
