"","df","AIC","dAIC","dAICnull"
"modAllJtu",11,-7181509.48876437,498.743295149878,0
"modRealmAllJtu",13,-7181506.30086317,501.931196348742,3.18790119886398
"modTaxamod2AllJtu",19,-7181500.53068658,507.701372941025,8.95807779114693
"moddTRealmAllJtu",16,-7181552.19367889,456.038380625658,-42.7049145242199
"modrawsdTtsignAllJtu",17,-7181535.91623767,472.315821852535,-26.4274732973427
"modrawTdTTRealmAllJtu",22,-7181833.11511355,175.116945968941,-323.626349180937
"modrawTsdTTRealmtsignAllJtu",31,-7182008.23205952,0,-498.743295149878
