"","df","AIC","dAIC","dAICnull"
"modInit",16,703138.359970088,1189.70263340266,0
"modRealm",18,703142.277567619,1193.62023093388,3.9175975312246
"modTaxamod2",30,703162.301345718,1213.6440090324,23.9413756297436
"modTchange",29,703055.952756031,1107.29541934538,-82.4072140572825
"modLat",47,702049.953531956,101.296195270261,-1088.4064381324
"modTchangeTave",47,701948.657336686,0,-1189.70263340266
